PARTNER,BU_TYPE,BU_SORT1,SECTOR_CODE,DTI_RATIO,INCOME_SOURCE,INCOME_EXPIRY
11,2,Cust15 Cust15,,,,
202,2,Nue tech inc,,,,
203,2,Expo technologies Plc,,,,
1018,2,Bechtle AG Kriek street,,,,
1710,2,Inlandskunde DE 80,,,,
123456,2,PEPPOL-XYZ,,,,
1000000,2,BANK5115,,,,
1000001,2,BANK ICS,,,,
1000002,2,BNK1189,,,,
1000010,2,Bank5,,,,
1000020,2,Fast Bikes Inc.,,,,
1000021,2,Bikes Pro Inc.,,,,
1000030,2,vender for WHT 1,,,,
1000031,2,Nelsons Trmt & Pest Cntrl Co,,,,
1000032,2,Avante Limited,,,,
1000033,2,Capital Fasteners Inc,,,,
1000034,2,Furey & Associates,,,,
1000035,2,T C E Systems Inc,,,,
1000036,2,Martin Morrissey,,,,
1000037,2,Furey & Associates,,,,
1000038,2,Harris Oldsmobile Inc,,,,
1000039,2,Horizon Air,,,,
1000040,2,J C S Machinery,,,,
1000041,2,Bridgeway Plan For Health,,,,
1000042,2,B & S Tool And Cutter Svc Inc,,,,
1000043,2,"Alden, Michael H Es",,,,
1000044,2,Cooper Myers Y Co,,,,
1000045,2,Charlotte Chamber,,,,
1000046,2,Sound Vision Corp,,,,
1000047,2,In Communications Inc,,,,
1000048,2,"Thompson, Michael C Esq",,,,
1000049,2,In Communications Inc,,,,
1000050,2,Sound Vision Corp/customer,,,,
1000060,1,Bill jenson,,,,
1000061,1,kATIE PHILL,,,,
1000070,1, Inlandskunde 99,,,,
1000071,1, Inlandskunde 99,,,,
1000072,1, Indlandskunde DE 99,,,,
1000073,1, Inlandskunde DE 99,,,,
1000080,2,EBIKE,,,,
1000081,2,EBIKE,,,,
1000082,2,EBIKE,,,,
1000083,2,EBIKE,,,,
1000084,2,Domestic_ US_Supplier test1,,,,
1000085,2,Domestic_ US_Supplier test1,,,,
1000086,2,Domestic_ US_Supplier test1,,,,
1000087,2,DOMESTIC_ US_SUPPLIER TEST,,,,
1000088,2,DOMESTIC_ US_SUPPLIER TEST,,,,
1000089,2,Domestic_ US_Supplier test1,,,,
1000090,2,DOMESTIC_ US_SUPPLIER,,,,
1000091,2,SUPPLIER_ US_SUPPLIER TEST1453U3Y2UR29R2,,,,
1000092,2,SUPPLIER-TEST01900808,,,,
1000100,2,EBIKE,,,,
1000101,2,Ebike56,,,,
1000110,2,Domestic_ US_Supplier test1,,,,
1000120,2,Loyd,,,,
1000121,2,Sydney Opera,,,,
1000122,1, InlandskundeUS 99,,,,
1000123,1, InlandskundeUS 99,,,,
1000127,1,Venkat Sreepakalapati,,,,
1000130,2,Domestic_ US_Supplier test1,,,,
1000140,2,Cust10,,,,
1000150,2,Smart bike Inc,,,,
1000160,2,ANZ Bank,,,,
1000161,2,ABN AMRO BANK,,,,
1000162,2,Bank of America,,,,
1000163,2,CHASE MANHATTAN BANK,,,,
1000164,2,Citibank,,,,
1000165,2,Commerce Bank,,,,
1000166,2,Commonwealth Bank,,,,
1000167,2,Deutsche Bank,,,,
1000168,2,HSBC Bank,,,,
1000169,2,Wells Fargo Bank,,,,
1000170,2,Global Relief Foundation Inc,,,,
1000171,2,PSG Holdings LLC,,,,
1000180,2,CUSTOM_ NEW_SUPPLIER TEST1Q1,,,,
1000181,1,Joe Wills,,,,
1000182,2,EBIKE,,,,
1000183,2,Global Relief Foundation Inc,,,,
1000184,2,PSG Holdings LLC,,,,
1000185,2,Domestic US Customer 1,,,,
1000190,2,Master PSG International Inc,,,,
1000200,2,Green Construction Group,,,,
1000210,1,Peter Gao,,,,
1000211,1,Smith Gutenkunst,,,,
1000220,2,CUST1,,,,
1000221,2,CUST2,,,,
1000222,2,CUST3,,,,
1000230,1,Allen Thomas,,,,
1000231,1,Alica Thomas,,,,
1000232,1,Alica Thomas,,,,
1000240,1,Lora Gutkowski,,,,
1000241,1,Vito Renner,,,,
1000242,1,Skylar Schamberger,,,,
1000243,1,Lora Davis,,,,
1000244,1,Ottis Langworth,,,,
1000245,1,Ashleigh Maggio,,,,
1000246,1,Nat Bechtelar,,,,
1000247,1,Kiana Parker,,,,
1000248,1,Ramiro Bednar,,,,
1000249,1,Jarrett Adams,,,,
1000250,1,Kennith Murazik,,,,
1000251,1,Torrance Ortiz,,,,
1000252,1,Gwen Wuckert,,,,
1000253,1,Lera Jenkins,,,,
1000254,1,Ethyl Bashirian,,,,
1000255,1,Otto Adams,,,,
1000256,1,Mckayla Stamm,,,,
1000257,1,Janick Goodwin,,,,
1000258,1,Gaylord Lindgren,,,,
1000259,1,Isobel Balogh,,,,
1000260,1,Trent Hessel,,,,
1000261,1,Smith Hart,,,,
1000262,1,Araceli Rowe,,,,
1000263,1,Billie Gerlach,,,,
1000264,1,Steve Rogers,,,,
1000265,1,Maci Price,,,,
1000266,1,Kurtis Kub,,,,
1000267,1,Charley Lehner,,,,
1000268,1,Porter Johnston,,,,
1000269,1,Nicola Casper,,,,
1000270,1,Nya Oberbrunner,,,,
1000271,1,Simon Lance,,,,
1000280,1,Caryn Smile,,,,
1000281,1,Caryn Smile,,,,
1000290,2,Inland Corp,,,,
1000291,2,Power Sports Inc-N,,,,
1000292,2,Tech Bike Corp-W,,,,
1000293,2,NK Bikes-S,,,,
1000294,2,SK Vision Corp-C,,,,
1000300,2,Triumph Corporation,,,,
1000301,2,Enfield Corporation,,,,
1000302,2,EBIKE,,,,
1000303,2,EBIKE,,,,
1000310,2,Supplier,,,,
1000320,2,DOMESTIC_ US_SUPPLIER TEST2,,,,
1000330,1,John Smith,,,,
1000340,2,Mike Computer Inc,,,,
1000341,2,Mike Computer,,,,
1000355,2,EBIKE,,,,
1000356,2,EBIKE,,,,
1000357,2,EBIKE,,,,
1000360,1,Susan Miller,,,,
1000361,2,Central Supplies Inc,,,,
1000362,2,Fisher Supplies Inc,,,,
1000370,2,EVOVALVES AG,,,,
1000371,1,Tom Johnson,,,,
1000372,1,Evovalves Service Team,,,,
1000373,2,Seal System GmbH,,,,
1000374,2,Perfect Sealing,,,,
1000375,2,Intermixx Inc.,,,,
1000376,2,Maier GmbH,,,,
1000377,2,Beverage GmbH,,,,
1000378,1,Jane Miller,,,,
1000380,2,EBIKE,,,,
1000381,2,Domestic US Customer 1,,,,
1000382,2,Intelli Corp,,,,
1000385,2,Domestic_ US_Supplier test1,,,,
1000390,2,"Home Depot, Inc",,,,
1000420,2,Aalberts HFC,,,,
1000421,2,EBIKE,,,,
1000430,1,Bartley Crespo,,,,
1000431,1,Sara Woods,,,,
1000432,2,XaaS DA,,,,
1000440,1,Thomas Derick,,,,
1000441,1,John Roy,,,,
1000450,2,SLV Corp,,,,
1000451,2,Customer 1,,,,
1000460,2,Florida copper,,,,
1000470,2,Automatica Ltd,,,,
1000471,2,Mechatron �Ltd,,,,
1000472,2,China Industrial Pipe Inc,,,,
1000473,2,AutoPump China Inc,,,,
1000474,2,Krones AG,,,,
1000475,2,IndustriFastener Ltd,,,,
1000476,2,Turbo Air Wisconsin LLC,,,,
1000477,1,WZVEQ aCfSL,,,,
1000478,1,GaXPR SljvL,,,,
1000479,1,WlLmK fuyRK,,,,
1000480,1,nwKcJ bDzFh,,,,
1000481,1,UBunX vDaXv,,,,
1000482,1,NiHdu eQIsY,,,,
1000483,1,EVOlP yLJEu,,,,
1000484,1,aHTnm JWAKR,,,,
1000485,1,DTxeR BXJsN,,,,
1000486,1,svwNL JxsGo,,,,
1000487,1,BUKwg HqHWK,,,,
1000488,1,PGPGb mJVri,,,,
1000489,1,zFWyk zuSuw,,,,
1000490,1,Tzzld pjsFF,,,,
1000491,1,XLRqB fgZQd,,,,
1000492,1,sbQJk rrses,,,,
1000493,1,KZSVd SHhYe,,,,
1000494,1,GkJSx ZVUkd,,,,
1000495,1,LiiOp FqHso,,,,
1000496,1,DhVHI wTzbz,,,,
1000497,1,BEnTa eVlRo,,,,
1000498,1,XYqoM iiQyd,,,,
1000499,1,fUJpf FIRin,,,,
1000500,1,xGqiA txuPO,,,,
1000501,1,rCHpS VIQpo,,,,
1000502,1,xBQTA ptnBc,,,,
1000503,1,lpIFX zgEfK,,,,
1000504,1,KzUTi JsgNz,,,,
1000505,1,KdMks HcpbM,,,,
1000506,1,HfoOv mLwhN,,,,
1000507,1,FNYuT ExUTv,,,,
1000508,1,nOQCU GHTEL,,,,
1000509,1,kbVNy TAcVf,,,,
1000510,1,wuZim gBIPt,,,,
1000511,1,vvLjZ aqwgb,,,,
1000512,1,nKpLO SKwgq,,,,
1000513,1,zeJKX mTlxy,,,,
1000514,1,vCtxY gyvze,,,,
1000515,1,GqXus ROWYU,,,,
1000516,1,VDjLO zzwIb,,,,
1000520,1,CUoYd YlyUD,,,,
1000530,2,Printer as a Service Template BP,,,,
1000531,1,EV Template BP,,,,
1000532,1,Stefan Arbeit,,,,
1000540,2,Sweeper Template BP,,,,
1000550,1,Yankee Kurtis,,,,
1000560,2,Supplier,,,,
1000561,2,Supplier,,,,
1000562,2,Supplier,,,,
1000563,2,Supplier,,,,
1000564,2,Supplier,,,,
1000565,2,Supplier,,,,
1000566,2,Supplier,,,,
1000567,2,Supplier,,,,
1000568,2,Supplier,,,,
1000569,2,Supplier,,,,
1000570,2,Supplier,,,,
1000571,2,Supplier,,,,
1000572,2,Supplier,,,,
1000573,2,Supplier,,,,
1000574,2,Supplier,,,,
1000575,2,Supplier,,,,
1000576,2,Supplier,,,,
1000577,2,Supplier,,,,
1000578,2,Supplier,,,,
1000579,2,Supplier,,,,
1000580,2,Supplier,,,,
1000581,2,Supplier,,,,
1000582,2,Supplier,,,,
1000583,2,Supplier,,,,
1000584,2,Supplier,,,,
1000585,2,Supplier,,,,
1000586,2,Supplier,,,,
1000587,2,Supplier,,,,
1000588,2,Supplier,,,,
1000589,2,Supplier,,,,
1000590,2,Supplier,,,,
1000591,2,Supplier,,,,
1000592,2,Supplier,,,,
1000593,2,Supplier,,,,
1000594,2,Supplier,,,,
1000595,2,Supplier,,,,
1000596,2,Supplier,,,,
1000597,2,Supplier,,,,
1000598,2,Supplier,,,,
1000599,2,Supplier,,,,
1000600,2,Supplier,,,,
1000601,2,Supplier,,,,
1000602,2,Supplier,,,,
1000603,2,Supplier,,,,
1000604,2,Supplier,,,,
1000605,2,Suppler,,,,
1000606,2,Supplier,,,,
1000607,2,Supplier,,,,
1000608,2,Supplier,,,,
1000609,2,Supplier,,,,
1000610,2,Supplier,,,,
1000620,2,Pl�t & Mekano,,,,
1000621,2,Lyreco Sverige AB,,,,
1000622,2,Rainbow MIng Industrial Co. Ltd,,,,
1000623,2,C.I. Takiron Corporation,,,,
1000624,2,Xing Da Electric Technology Ltd,,,,
1000625,2,REWE Market GmbH,,,,
1000626,2,AT&T Global Network Services Polska Sp.z,,,,
1000627,2,Events Travel Asia Co. Ltd,,,,
1000628,2,LA LUCENTE S.P.A.,,,,
1000629,2,"Amazon Web Services, Inc.",,,,
1000630,2,Federal Express Corporation FEDEX,,,,
1000631,2,LA POSTE,,,,
1000632,2,Sixt GmbH & Co.,,,,
1000633,2,"SAP America, Inc.",,,,
1000634,2,OFFERWISE DO BRASIL SERVICOS DE PESQUISA,,,,
1000635,2,LA POSTE ADV T�L�VENTE IDF,,,,
1000650,2,Ore & Metal Resources Inc.,,,,
1000651,2,Steel & Alloy Supply Ltd.,,,,
1000652,2,Ore & Metal Resources Inc.,,,,
10000000,1,Andy Parker,,,,
10000350,2,Macker Calip Properties,,,,
10100001,2,Hypercom AG,,,,
10100002,2,Inlandskunde DE 2,,,,
10100003,2,Inlandskunde DE 3,,,,
10100004,2,Inlandskunde DE 4,,,,
10100005,2,Inlandskunde DE 5 (CMS),,,,
10100006,2,Inlandskunde DE 6 (Retouren),,,,
10100007,2,"Inland-Lohnbearbeiter A , DE",,,,
10100008,2,Inlandskunde DE 8,,,,
10100009,2,Inlandskunde DE 9,,,,
10100010,2,Inlandskunde DE 10,,,,
10100011,2,SAP SE,,,,
10100012,2,Inlandskunde Invoice List,,,,
10100013,2,Inlandskunde Invoice List,,,,
10100014,2,PAYER - Zentrale Walldorf,,,,
10100021,2,Inlandskunde DE 21,,,,
10100023,2,Inlandskunde DE 23,,,,
10100024,2,Inlandskunde DE 24,,,,
10100028,2,Inlandskunde DE 28,,,,
10100029,2,Inlandskunde DE 29,,,,
10100050,2,Ausl�ndischer Kunde 50 (US),,,,
10100051,2,Ausl�ndischer Kunde 51 (FR),,,,
10100060,2,Foreign DE Customer 60 (HU),,,,
10100065,2,Inlandskunde DE 65,,,,
10100066,2,Inlandskunde DE 66,,,,
10100071,2,Domestic Customer US 23,,,,
10100072,2,Inlandskunde DE 23,,,,
10100080,2,Inlandskunde DE 80,,,,
10100081,2,Inlandskunde DE 81,,,,
10100088,2,Inlandslieferant DE,,,,
10100097,2,Domestic Customer US 23,,,,
10100098,2,Inlandskunde DE 23,,,,
10100100,2,Inlandskunde DE 100 (SEPA),,,,
10100120,2,Inlandskunde DE 120 (SEPA) FICA,,,,
10100273,2,Inlandskunde DE CPD,,,,
10101010,2,Head Office 1010,,,,
10101011,2,Inlandskunde DE 11,,,,
10101030,2,Company Code DET5,,,,
10101040,2,Company Code DET6,,,,
10104091,2,RPM Kunde DE 91,,,,
10105001,2,Inlandskunde Invoice List,,,,
10105002,2,Inlandskunde Invoice List,,,,
10105005,2,Inlandskunde DE 5 (CMS),,,,
10105010,2,PAYER - Zentrale Walldorf,,,,
10154801,2,JIT Company,,,,
10154802,2,JIT Company,,,,
10186001,2,TM Inlandskunde DE 1,,,,
10186002,2,TM Inlandskunde DE 2,,,,
10186003,1,Franz Hero,,,,
10186004,1,Jan Gilg,,,,
10186005,2,TM Inlandskunde DE 1,,,,
10200001,2,Supplier/Customer for Intrastat (HU),,,,
10300001,2,Inlandslieferant DE 1,,,,
10300002,2,Inlandslieferant DE 2,,,,
10300003,2,Inlandslieferant DE 3 (mit ERS),,,,
10300004,2,CWC001 AG,,,,
10300005,2,CWC001 inc,,,,
10300006,2,Inlandslieferant DE 6 (Retouren),,,,
10300007,2,"Inland-Lohnbearbeiter A, DE",,,,
10300010,2,Inlandslieferant DE 1,,,,
10300014,2,CWC001 ltd,,,,
10300015,2,Inlandslieferant DE15,,,,
10300016,2,Inlandslieferant DE16,,,,
10300017,2,Inlandslieferant DE17,,,,
10300019,2,Inlandslieferant DE19,,,,
10300021,2,Dynamic Discounting Payable FInanc.,,,,
10300022,2,Supply Chain Financing Payable Fin.,,,,
10300023,2,Funder Payable Financing,,,,
10300024,2,CWC001,,,,
10300025,2,Card Provider Payable Financing,,,,
10300026,2,Funder Receivable Financing,,,,
10300027,2,RF Cash Dominion Funder,,,,
10300050,2,Foreign Supplier 50 (US),,,,
10300051,2,Foreign Supplier 50 (FR),,,,
10300063,2,Inlandslieferant DE 5 (mit ERS),,,,
10300080,2,Inlandslieferant DE (Ariba Netzwerk),,,,
10300081,2,Inlandslieferant DE (Ariba Sourcing 1),,,,
10300082,2,Inlandslieferant DE (Ariba Sourcing 2),,,,
10300083,2,Inlandslieferant DE (Ariba Sourcing 3),,,,
10300084,2,Inlandslieferant DE (EDI),,,,
10300085,2,Inlandslieferant DE (ARIBA 42K),,,,
10300086,2,Inlandslieferant DE (Ariba 4BL),,,,
10300090,2,Inlandslieferant DE (Ariba FIN),,,,
10300095,2,DE - Sales Commission Recipient,,,,
10300096,2,DE - Royalties Recipient,,,,
10300273,2,Inlandslieferant DE CPD,,,,
10301000,2,Tax Authority Germany,,,,
10304093,2,RPM Lieferant DE 93,,,,
10305001,2,Domestic DE Supplier CP001,,,,
10386001,2,TM Carrier1 DE,,,,
10386002,2,TM Carrier2 DE,,,,
10386003,1,Christian Klein,,,,
10386004,1,Thomas Saueressig,,,,
10386201,2,TM Rail Carrier DE 1,,,,
10386202,2,TM Rail Carrier DE 2,,,,
10386301,2,TM Ocean Carrier DE 1,,,,
10386302,2,TM Ocean Carrier Self-Billing DE 1,,,,
10386401,2,TM Ocean Forwarder DE 1,,,,
10386402,2,TM Ocean Forwarder Self-Billing DE 1,,,,
10386501,2,TM Airline Carrier DE 1,,,,
10386502,2,TM Airline Carrier Self-Billing DE 1,,,,
10386601,2,TM DE Supplier 1,,,,
10401010,2,Buchungskreis 1010 als Gesch�ftspartner,,,,
10411010,2,Werk 1010 als Gesch�ftspartner,,,,
10413010,2,Customer as Plant 3010,,,,
10537001,2,Bank 1 - SAMPLE BANK,,,,
10537003,2,Bank Issuer,,,,
10910005,1,Alina M�ller,,,,
10910006,1,Alexander Linke,,,,
10910007,1,Barbara Meger,,,,
10910008,1,Bernd Fischer,,,,
10910009,1,Alina M�ller,,,,
10910010,1,Alexander Linke,,,,
10910011,1,Barbara Meger,,,,
10910012,1,Bernd Fischer,,,,
11100001,2,Domestic Customer GB 1,,,,
11100002,2,Domestic Customer GB 2,,,,
11100003,2,Domestic GB Customer 3,,,,
11100004,2,Domestic GB Customer 4,,,,
11100005,2,Domestic GB Customer 5 (CMS),,,,
11100006,2,Domestic GB Customer 6 (Returns),,,,
11100007,2,"Inland subcontractor A, GB",,,,
11100008,2,Domestic GB Customer 8,,,,
11100009,2,Domestic GB Customer 9,,,,
11100010,2,Domestic GB Customer 10,,,,
11100011,2,SAP SE,,,,
11100012,2,Domestic GB Customer Invoice List,,,,
11100013,2,Domestic GB Customer Invoice List,,,,
11100014,2,PAYER - Central London,,,,
11100021,2,Domestic GB Customer 21,,,,
11100023,2,Domestic GB Customer 23,,,,
11100024,2,Domestic GB Customer 24,,,,
11100028,2,Domestic GB Customer 28,,,,
11100029,2,Domestic GB Customer 29,,,,
11100050,2,Foreign Customer 50 (US),,,,
11100051,2,Foreign Customer 51 (FR),,,,
11100060,2,Foreign GB Customer 60 (GB),,,,
11100065,2,Domestic Customer GB 65,,,,
11100066,2,Domestic Customer GB 66,,,,
11100072,2,Domestic Customer GB 72,,,,
11100080,2,Domestic GB Customer 80,,,,
11100088,2,Domestic Supplier (EDI),,,,
11100098,2,Domestic Customer GB 98,,,,
11100100,2,Foreign UK Customer 100 (SEPA),,,,
11100120,2,Domestic GB Customer 120 (SEPA) FICA,,,,
11100273,2,Domestic GB Customer CPD,,,,
11101011,2,Domestic GB Customer 11,,,,
11101110,2,Head Office 1110,,,,
11101130,2,Company Code GBT5,,,,
11101140,2,Company Code GBT6,,,,
11105001,2,UKCustomerInvoiceList,,,,
11105002,2,BritishCustomerInvoiceList,,,,
11105005,2,UKDomesticCustomer5(CMS),,,,
11105010,2,PAYER-London,,,,
11154801,2,JIT Company,,,,
11154802,2,JIT Company,,,,
11186001,2,TM Inlandskunde GB 1,,,,
11186002,2,TM Inlandskunde GB 2,,,,
11186003,1,Franz Hero,,,,
11186004,1,Jan Gilg,,,,
11186005,2,TM Domestic GB Customer 1,,,,
11200001,2,Supplier/Customer for Intrastat (DE),,,,
11300001,2,Domestic GB Supplier 1,,,,
11300002,2,Domestic GB Supplier 2,,,,
11300003,2,Domestic GB Supplier 3 (with ERS),,,,
11300006,2,Domestic GB Supplier 6 (Return),,,,
11300007,2,"Inland subcontractor A, GB",,,,
11300008,2,"Inland subcontractor A, GB",,,,
11300010,2,Domestic GB Supplier 1,,,,
11300015,2,Domestic GB Supplier Financing 1,,,,
11300016,2,Domestic GB Supplier Financing 2,,,,
11300017,2,Domestic Supplier Financ. VCard,,,,
11300019,2,Domestic Card Issuer Supplier,,,,
11300021,2,Dynamic Discounting Payable FInanc.,,,,
11300022,2,Supply Chain Financing Payable Fin.,,,,
11300023,2,Funder Payable Financing,,,,
11300024,2,Virtual Card Payable Financing,,,,
11300025,2,Card Provider Payable Financing,,,,
11300026,2,RF Non-Cash Dominion Funder,,,,
11300027,2,RF Cash Dominion Funder,,,,
11300030,2,Domestic GB Supplier Withholding Tax,,,,
11300050,2,Foreign Supplier GB 50 (CA),,,,
11300051,2,Foreign Supplier GB 51 (DE),,,,
11300063,2,Inlandslieferant GB 5 (mit ERS),,,,
11300080,2,Domestic GB Supplier (Ariba Network),,,,
11300081,2,Domestic GB Supplier (Ariba Sourcing 1),,,,
11300082,2,Domestic GB Supplier (Ariba Sourcing 2),,,,
11300083,2,Domestic GB Supplier (Ariba Sourcing 3),,,,
11300084,2,Domestic GB Supplier 84 (EDI),,,,
11300085,2,Domestic Supplier GB (ARIBA 42K),,,,
11300086,2,Domestic Supplier GB (Ariba 4BL),,,,
11300090,2,Domestic GB Supplier 90 (Ariba FIN),,,,
11300095,2,Domestic GB 1 - Sales Commission,,,,
11300096,2,GB - Royalties Recipient,,,,
11300273,2,Domestic GB Supplier CPD,,,,
11301000,2,Tax Authority United Kingdom HMRC,,,,
11305001,2,DomesticGBSupplierCP5001,,,,
11386001,2,TM Carrier1 GB,,,,
11386002,2,TM Carrier2 GB,,,,
11386003,1,Christian Klein,,,,
11386004,1,Thomas Saueressig,,,,
11386201,2,TM Rail Carrier GB 1,,,,
11386202,2,TM Rail Carrier GB 2,,,,
11386301,2,TM Ocean Carrier GB 1,,,,
11386302,2,TM Ocean Carrier Self-Billing GB 1,,,,
11386401,2,TM Ocean Forwarder GB 1,,,,
11386402,2,TM Ocean Forwarder Self-Billing GB 1,,,,
11386501,2,TM Airline Carrier GB 1,,,,
11386502,2,TM Airline Carrier Self-Billing GB 1,,,,
11386601,2,TM GB Supplier 1,,,,
11401110,2,Company code 1110 as a business partner,,,,
11411110,2,Plant 1110 as Business Partner,,,,
11910005,1,Emma Winslet,,,,
11910006,1,Kate Thompson,,,,
11910007,1,John Grant,,,,
11910008,1,Jason Hoskins,,,,
11910009,1,Emma Winslet,,,,
11910010,1,Kate Thompson,,,,
11910011,1,John Grant,,,,
11910012,1,Jason Hoskins,,,,
12345678,2,PEPPOL-XYZ,,,,
17100001,2,Domestic US Customer 1,,,,
17100002,2,Domestic US Customer 2,,,,
17100003,2,Drivestar Inc,,,,
17100004,2,Domestic Customer US 4,,,,
17100005,2,Domestic US Customer 5 (CMS),,,,
17100006,2,Domestic Customer US 6 (Returns),,,,
17100007,2,Domestic US Subcontractor A 1,,,,
17100008,2,Domestic US Customer 8,,,,
17100009,2,Domestic US Customer 9,,,,
17100010,2,Domestic US Customer 10,,,,
17100011,2,SAP SE,,,,
17100012,2,Domestic Customer Invoice List,,,,
17100013,2,Domestic Customer Invoice List,,,,
17100014,2,PAYER - Central,,,,
17100020,2,Domestic Customer US 20,,,,
17100021,2,Domestic US Customer 21,,,,
17100023,2,Domestic Customer US 23,,,,
17100024,2,Domestic Customer US 24,,,,
17100028,2,Domestic US Customer 28,,,,
17100029,2,Domestic US Customer 29,,,,
17100050,2,Foreign Customer 50 (DE),,,,
17100051,2,Foreign Customer 51 (CA),,,,
17100065,2,Domestic US Customer 65,,,,
17100066,2,Domestic US Customer 66,,,,
17100072,2,Domestic Customer US 23,,,,
17100080,2,Domestic US Customer 80,,,,
17100081,2,Domestic US Customer 81,,,,
17100088,2,Domestic US Supplier 88,,,,
17100100,2,Domestic US Customer Direct Debit,,,,
17100150,2,Domestic US Customer 150,,,,
17100273,2,Domestic US CPD,,,,
17100300,2,Dynamic Inc.,,,,
17101011,2,Domestic US Customer 11,,,,
17101710,2,Head Office 1710,,,,
17104091,2,RPM Customer US 91,,,,
17105001,2,Domestic Customer Invoice List,,,,
17105002,2,Domestic Customer Invoice List,,,,
17105005,2,Domestic US Customer 5 (CMS),,,,
17105010,2,PAYER - Central,,,,
17111100,2,Domestic US Cust 4,,,,
17154801,2,JIT Company,,,,
17154802,2,JIT Company,,,,
17186001,2,TM Domestic US Customer 1,,,,
17186002,2,TM Domestic US Customer 2,,,,
17186003,1,Franz Hero,,,,
17186004,1,Jan Gilg,,,,
17186005,2,TM Domestic US Customer 1,,,,
17300001,2,Domestic US Supplier 1,,,,
17300002,2,Domestic US Supplier 2,,,,
17300003,2,Domestic US Supplier 3 (with ERS),,,,
17300004,2,Domestic US Supplier 4,,,,
17300006,2,Cement Inc.,,,,
17300007,2,Domestic US Subcontractor A,,,,
17300010,2,Domestic US Supplier 10,,,,
17300015,2,Domestic US Supplier Financing 1,,,,
17300016,2,Domestic US Supplier Financing 2,,,,
17300017,2,Domestic Supplier Financ. VCard,,,,
17300019,2,Domestic Card Issuer Supplier,,,,
17300021,2,Dynamic Discounting Payable FInanc.,,,,
17300022,2,Supply Chain Financing Payable Fin.,,,,
17300023,2,Funder Payable Financing,,,,
17300024,2,Virtual Card Payable Financing,,,,
17300025,2,Card Provider Payable Financing,,,,
17300026,2,Funder Receivable Financing,,,,
17300027,2,RF Cash Dominion Funder,,,,
17300030,2,Domestic US Supplier 1099M Withholding T,,,,
17300031,2,Foreign US Supplier (DE) 1042S Withholdi,,,,
17300032,2,Domestic US Supplier 1099G Withholding T,,,,
17300033,2,Domestic US Supplier 1099INT Withholding,,,,
17300034,2,Domestic US Supplier 1099K Withholding T,,,,
17300050,2,Foreign Supplier US 50 (CA),,,,
17300051,2,Foreign Supplier US 51 (DE),,,,
17300063,2,Domestic US Supplier 63 (with ERS),,,,
17300080,2,Domestic US Supplier (Ariba Network),,,,
17300081,2,Domestic US Supplier (Ariba Sourcing 1),,,,
17300082,2,Domestic US Supplier (Ariba Sourcing 2),,,,
17300083,2,Domestic US Supplier (Ariba Sourcing 3),,,,
17300084,2,Domestic US Supplier 84 (EDI),,,,
17300085,2,Domestic US Supplier 85 (ARIBA 42K),,,,
17300086,2,Domestic US Supplier 86 (Ariba 4BL),,,,
17300090,2,Domestic US Supplier 90 (Ariba FIN),,,,
17300095,2,US - Sales Commission Recipient,,,,
17300096,2,US - Royalties Recipient,,,,
17300273,2,Domestic US Supplier CPD,,,,
17300991,2,TMT Supplier,,,,
17300992,2,GCM Supplier,,,,
17304093,2,RPM Supplier US 93,,,,
17305001,2,Domestic US Supplier CP001,,,,
17386001,2,TM Carrier1 US,,,,
17386002,2,TM Carrier2 US,,,,
17386003,1,Christian Klein,,,,
17386004,1,Thomas Saueressig,,,,
17386201,2,TM Rail Carrier US 1,,,,
17386202,2,TM Rail Carrier US 2,,,,
17386301,2,TM Ocean Carrier US 1,,,,
17386302,2,TM Ocean Carrier Self-Billing US 1,,,,
17386401,2,TM Ocean Forwarder US 1,,,,
17386402,2,TM Ocean Forwarder Self-Billing US 1,,,,
17386501,2,TM Airline US 1,,,,
17386502,2,TM Airline Self-Billing US 2,,,,
17386601,2,TM US Supplier 1,,,,
17401010,2,Interco Customer US20,,,,
17401710,2,Company Code 1710 as Business Partner,,,,
17401720,2,Company 1710,,,,
17401730,2,Company Code UST2 as Business Partner,,,,
17401731,2,Company Code UST6,,,,
17401740,2,Company Code UST1 as Business Partner,,,,
17401741,2,Company Code UST5,,,,
17406800,2,SUB 6800 Trading Partner UST5,,,,
17406900,2,SUB 6900 Trading Partner UST6,,,,
17411710,2,Plant 1710 as Business Partner,,,,
17537001,2,BANK 1 - SAMPLE BANK,,,,
17537002,2,BANK 1-SAMPLE BANK,,,,
17537003,2,Bond Issuer,,,,
17537005,2,Non-affiliated company,,,,
17537006,2,Associate Joint venture,,,,
17537007,2,Subsidiary,,,,
17910005,1,Susan Miller,,,,
17910006,1,James Smith,,,,
17910007,1,Mary Brown,,,,
17910008,1,Ronald Williams,,,,
17910009,1,Susan Miller,,,,
17910010,1,James Smith,,,,
17910011,1,Mary Brown,,,,
17910012,1,Ronald Williams,,,,
30100001,2,Domestic Customer AU 1,RETAIL_PROP,,,
30100002,2,Domestic Customer AU 2,RETAIL_PROP,,,
30100003,2,Domestic Customer AU 3,RETAIL_PROP,,,
30100004,2,Domestic Customer AU 4,RETAIL_PROP,,,
30100005,2,Domestic Customer AU 5 (CMS),CONSTRUCTION,,,
30100006,2,Domestic Customer AU 6 (Returns),AGRICULTURE,,,
30100007,2,Domestic AU Subcontractor,,,,
30100008,2,Domestic Customer AU 8,RETAIL_PROP,,,
30100009,2,Domestic Customer AU 9,MINING,,,
30100010,2,Domestic Customer AU 10,HEALTHCARE,,,
30100011,2,SAP SE,,,,
30100012,2,Domestic Customer AU 12,TECHNOLOGY,,,
30100013,2,Domestic Customer AU 13,RETAIL_PROP,,,
30100014,2,Domestic Customer AU 14,,,,
30100021,2,Domestic AU Customer 21,,,,
30100023,2,Domestic AU Customer 23,,,,
30100024,2,Domestic AU Customer 24,,,,
30100028,2,Domestic AU Customer 28,,,,
30100029,2,Domestic AU Customer 29,,,,
30100050,2,Foreign Customer 50 (DE),,,,
30100051,2,Foreign Customer 51 (FR),,,,
30100065,2,Domestic AU Customer 65,,,,
30100066,2,Domestic AU Customer 66,,,,
30100072,2,Inlandskunde AU 23,,,,
30100080,2,Domestic Customer AU 80,,,,
30100081,2,Domestic Customer AU 81,,,,
30100088,2,Domestic AU Supplier (EDI),,,,
30100100,2,Domestic AU Customer Direct Debit,,,,
30100273,2,Domestic AU CPD,,,,
30101011,2,Inlandskunde AU 11,,,,
30154801,2,JIT Company,,,,
30154802,2,JIT Company,,,,
30186001,2,TM Domestic AU Customer 1,,,,
30186002,2,TM Domestic AU Customer 2,,,,
30186003,1,Franz Hero,,,,
30186004,1,Jan Gilg,,,,
30186005,2,TM Domestic AU Customer 5,,,,
30300001,2,Domestic AU Supplier 1,,,,
30300002,2,Domestic AU Supplier 2,,,,
30300003,2,Domestic AU Supplier 3 (ERS),,,,
30300006,2,Domestic AU Supplier 6,,,,
30300007,2,Domestic AU Subcontractor,,,,
30300010,2,Domestic AU Supplier 10,,,,
30300015,2,Domestic AU Supplier Financing 1,,,,
30300016,2,Domestic AU Supplier Financing 2,,,,
30300017,2,Domestic Supplier Financ. VCard,,,,
30300019,2,Domestic Card Issuer Supplier,,,,
30300021,2,Dynamic Discounting Payable FInanc.,,,,
30300022,2,Supply Chain Financing Payable Fin.,,,,
30300023,2,Funder Payable Financing,,,,
30300024,2,Virtual Card Payable Financing,,,,
30300025,2,Card Provider Payable Financing,,,,
30300026,2,RF Non-Cash Dominion Funder,,,,
30300027,2,RF Cash Dominion Funder,,,,
30300030,2,Supplier 30 for Withholding,,,,
30300031,2,Supplier 31 for Withholding,,,,
30300050,2,Foreign Supplier AU 50 (CA),,,,
30300051,2,Foreign Supplier AU 51 (DE),,,,
30300063,2,Inlandslieferant AU 5 (mit ERS),,,,
30300080,2,Domestic AU Supplier (Ariba Network),,,,
30300081,2,Domestic AU Supplier (Ariba Sourcing 1),,,,
30300082,2,Domestic AU Supplier (Ariba Sourcing 2),,,,
30300083,2,Domestic AU Supplier (Ariba Sourcing 3),,,,
30300084,2,Domestic AU Supplier (EDI),,,,
30300085,2,Domestic Supplier AU (ARIBA 42K),,,,
30300086,2,Domestic Supplier AU (Ariba 4BL),,,,
30300090,2,Domestic AU Supplier 90 (Ariba FIN),,,,
30300095,2,AU - Sales Commission Recipient,,,,
30300096,2,AU - Royalties Recipient,,,,
30300273,2,Domestic AU Supplier CPD,,,,
30386001,2,TM Carrier1 AU,,,,
30386002,2,TM Carrier2 AU,,,,
30386003,1,Christian Klein,,,,
30386004,1,Thomas Saueressig,,,,
30386201,2,TM Rail Carrier AU 1,,,,
30386202,2,TM Rail Carrier AU 2,,,,
30386301,2,TM Ocean Carrier AU 1,,,,
30386302,2,TM Ocean Carrier Self-Billing AU 1,,,,
30386401,2,TM Ocean Forwarder AU 1,,,,
30386402,2,TM Ocean Forwarder Self-Billing AU 1,,,,
30386501,2,TM Airline Carrier AU 1,,,,
30386502,2,TM Airline Carrier Self-Billing AU 1,,,,
30386601,2,TM Airline Carrier AU 1,,,,
30403010,2,Domestic AU Supplier 1,,,,
30413010,2,Customer as Plant 3010,,,,
30910005,1,Rose Courtney,,,,
30910006,1,Eric Miller,,,,
30910007,1,George Clark,,,,
30910008,1,Alex Baker,,,,
30910009,1,Susan Miller,,,,
30910010,1,James Smith,,,,
30910011,1,Mary Brown,,,,
30910012,1,Ronald Williams,,,,
33403010,2,Domestic AU Supplier 1,,,,
111011400,2,Company Code GBT6,,,,
1040DE20,2,Company Code DE20 as Business Partner,,,,
1041DE20,2,Werk DE20 als Gesch�ftspartner,,,,
1041DE30,2,Werk DE30 als Gesch�ftspartner,,,,
1740US20,2,Company Code US20 as Business Partner,,,,
1741US20,2,Plant US20 as Business Partner,,,,
1741US30,2,Plant US30 as Business Partner,,,,
174DE10,2,Company Code DE10 as Business Partner,,,,
174UK10,2,Company Code UK10 as Business Partner,,,,
174US10,2,Company Code US10 as Business Partner,,,,
9980000017,1,Surya Gottumukkala,,,,
9980000025,1,Mrinal Kanti Chanda,,,,
9980000035,1,Gloria marcinko,,,,
9980000052,1,John Snow,,,,
9980000060,1,MRP Controller,,,,
9980000061,1,Kevin Thompson,,,,
9980000062,1,Kevin Thompson,,,,
9980000063,1,Kevin Thompson,,,,
9980000064,1,Kevin Thompson,,,,
9980000065,1,Jones Dale,,,,
9980000066,1,Paul Peterson,,,,
9980000067,1,Steve Xavier,,,,
9980000068,1,Paul Peterson,,,,
9980000069,1,Mike Smith,,,,
9980000070,1,Jones Dale,,,,
9980000071,1,Sales Representative,,,,
9980000072,1,Steve Baker,,,,
9980000073,1,Robin Smith,,,,
9980000074,1,Craig White,,,,
9980000075,1,Peter Martin,,,,
9980000077,1,Dana Stokes,,,,
9980000078,1,Michelle Parks,,,,
9980000079,1,Daniel Jones,,,,
9980000080,1,Asset Manager,,,,
9980000081,1,Susan Jackson,,,,
9980000082,1,Laurence Oliver,,,,
9980000083,1,John Morris,,,,
9980000084,1,Timothy Campbell,,,,
9980000100,1,demo test,,,,
9980000102,1,Test Automation,,,,
9980000103,1,Andrew Phillips,,,,
9980000106,1,John Hunter,,,,
9980000120,1,Peter John,,,,
9980000140,1,SHINT USER,,,,
9980000173,1,Adrian Chase,,,,
9980000190,1,Max Excutive,,,,
9980000201,1,Larry Peter,,,,
9980000203,1,Joe Wills,,,,
9980000204,1,John Smith,,,,
9980000215,1,Russel Goddard,,,,
9980000216,1,Ted Brown,,,,
9980000230,1,Robert Jackie,,,,
9980000261,1,Jack Smith,,,,
9980000271,1,Perry Johnson,,,,
9980000280,1,John Snow,,,,
9980000290,1,Diane Williams,,,,
9980000292,1,Daniel White,,,,
9980000293,1,S4AN Admin,,,,
9980000295,1,srinivasan kuthuva C5257040,,,,
9980000302,1,Martin Kemp,,,,
9980000303,1,Perry John,,,,
9980000321,1,John Morris,,,,
9980000322,1,John Morris,,,,
9980000323,1,John Morris,,,,
9980000324,1,CASHAPP 3010,,,,
9980000334,1,John Benedict,,,,
9980000335,1,Harry Perry,,,,
9980000336,1,Benjamin Brown,,,,
9980000337,1,Max Carlman,,,,
9980000372,1,P4REPNSQ P4REPNSQ,,,,
9980000373,1,P4REPROT P4REPROT,,,,
9980000374,1,P4REPSC P4REPSC,,,,
9980000381,1,Tom Carter,,,,
9980000382,1,Finance Operation,,,,
9980000390,1,Tihalt Schmidt,,,,
9980000391,1,Richard Phillips,,,,
9980000392,1,Agustine Schneider,,,,
9980000393,1,Jane Mitchell,,,,
9980000394,1,Shawn Blackburn,,,,
9980000412,1,Rita Thomas,,,,
9980000420,1,James Becker,,,,
9980000423,1,Tim Trenton,,,,
9980000425,1,June Headley,,,,
9980000428,1,Wolfgang Mueller,,,,
9980000448,1,Alice Abs,,,,
9980000449,1,Abitha Bowles,,,,
9980000450,1,Asa Cowgill,,,,
9980000451,1,Asser Weinbacher,,,,
9980000452,1,Baldur Dalman,,,,
9980000453,1,Benajah Hershey,,,,
9980000454,1,Brunhild Lerch,,,,
9980000455,1,Beate Neff,,,,
9980000456,1,Damarus Adams,,,,
9980000457,1,Eliza Williamson,,,,
9980000458,1,Fanny Barton,,,,
9980000459,1,Gertrud Kieber,,,,
9980000460,1,Gawen Schotts,,,,
9980000461,1,Hester Gale,,,,
9980000462,1,Harry Whiteford,,,,
9980000463,1,Isabel Hardt,,,,
9980000464,1,James Traverse,,,,
9980000465,1,Katja Abend,,,,
9980000466,1,Katja Joachim,,,,
9980000467,1,Lena Herz,,,,
9980000468,1,Magdalena Einhorn,,,,
9980000469,1,Mark Hamburger,,,,
9980000470,1,Marwin Panzer,,,,
9980000471,1,Marlene Scheurer,,,,
9980000472,1,Martha Suitor,,,,
9980000473,1,Max Wahrmann,,,,
9980000474,1,Primrose Andrews,,,,
9980000475,1,Pia Schiefer,,,,
9980000476,1,Philip Spener,,,,
9980000477,1,Reiner Breuer,,,,
9980000479,1,Samuel Grohl,,,,
9980000480,1,Sally Scotts,,,,
9980000481,1,Silas Smille,,,,
9980000482,1,Samuel Wepper,,,,
9980000484,1,Waltraut Finkel,,,,
9980000485,1,Wolf Kroll,,,,
9980000486,1,Eric Veil,,,,
9980000487,1,Santrell Cox,,,,
9980000488,1,Elias Sacher,,,,
9980000489,1,Paul Peterson,,,,
9980000491,1,Max Spiegel,,,,
9980000513,1,Eckhart Klein,,,,
9980000514,1,Rimi De,,,,
9980000518,1,Leslie Gaff,,,,
9980000519,1,Paul Peterson,,,,
9980000520,1,Edward Jones,,,,
9980000521,1,Danny Bern,,,,
9980000522,1,Alan Joseph,,,,
9980000523,1,Helen Allen,,,,
9980000524,1,Philo West,,,,
9980000525,1,SE TESTER,,,,
9980000526,1,Azariah Best,,,,
9980000527,1,Augustus John,,,,
9980000528,1,Adonijah Kirk,,,,
9980000530,1,Abel Means,,,,
9980000533,1,Dorcas Barnet,,,,
9980000534,1,Doris Jonas,,,,
9980000535,1,Eckhardt Cranz,,,,
9980000536,1,Erhart Kruger,,,,
9980000537,1,Edith Pymer,,,,
9980000538,1,Felicity Watt,,,,
9980000539,1,Grethe Kepler,,,,
9980000540,1,Gina Kresinger,,,,
9980000541,1,Grace Morrison,,,,
9980000542,1,Hubert Bott,,,,
9980000544,1,Horatio Wise,,,,
9980000545,1,Irma Schulz,,,,
9980000549,1,Margot Hechler,,,,
9980000551,1,Oliver Franck,,,,
9980000552,1,Roland Clauberg,,,,
9980000553,1,Seth Graham,,,,
9980000556,1,Tanja Wexner,,,,
9980000557,1,James Webber,,,,
9980000558,1,REMGR1 REMGR1,,,,
9980000560,1,MM USER,,,,
9980000561,1,PP USER,,,,
9980000562,1,SD USER,,,,
9980000570,1,Peter Parker,,,,
9980000581,1,Joe Wills,,,,
9980000582,1,BUYER 1,,,,
9980000583,1,Paul Peterson,,,,
9980000590,1,Se Tester1,,,,
9980000592,1,PC JOE,,,,
9980000593,1,EAM EAM,,,,
9980000594,1,Kate Lane,,,,
9980000595,1,PLM PLM,,,,
9980000596,1,RD RD,,,,
9980000603,1,P004500 P004500,,,,
9980000610,1,Jim Bean,,,,
9980000611,1,Peter Parker,,,,
9980000612,1,Oscar Stern,,,,
9980000613,1,Tim Berger,,,,
9980000618,1,Till Fries,,,,
9980000644,1,Uwe Jost,,,,
9980000651,1,FINANACE ANALYSIS,,,,
9980000680,1,Test User for Cloud Ops,,,,
9980000690,1,John Graham,,,,
9980000700,1,Jim Clark,,,,
9980000701,1,Jack Baker,,,,
9980000702,1,Tim Fischer,,,,
9980000705,1,Ahsan Ahmed Syed,,,,
9980000710,1,OPERATOR OPERATOR,,,,
9980000711,1,George Luther,,,,
9980000712,1,BUP003 Sam,,,,
9980000722,1,Diane Williams,,,,
9980000726,1,Vadim Pavluk,,,,
9980000730,1,Joan Reed,,,,
9980000740,1,Claire Thomas,,,,
9980000752,1,Suresh Koduru,,,,
9980000770,1,Natalie Wilson,,,,
9980000771,1,Finance BP,,,,
9980000772,1,Performance Tools,,,,
9980000781,1,Rajesh Kumar,,,,
9980000790,1,James Ryan,,,,
9980000791,1,Des Mgr,,,,
9980000792,1,Prod Mgr,,,,
9980000793,1,Pauline B,,,,
9980000794,1,John Ellis,,,,
9980000795,1,Matthew Cooper,,,,
9980000800,1,Shivakrishna Reddy,,,,
9980000804,1,Joslin Holt,,,,
9980000811,1,Judy Lee,,,,
9980000850,1,Dylan Weldon,,,,
9980000852,1,Alex Flowers,,,,
9980000853,1,Jecob Benjamin,,,,
9980000854,1,Fiona Taylor,,,,
9980000855,1,Matthew Brown,,,,
9980000856,1,Danielle Haynes,,,,
9980000857,1,Wallace Richard,,,,
9980000858,1,Juan Rivera,,,,
9980000859,1,Andrea Gamarnik,,,,
9980000860,1,Audrey Akane,,,,
9980000861,1,Brett Johnson,,,,
9980000862,1,David McQuaig,,,,
9980000863,1,Daniel Schuman,,,,
9980000864,1,Daniel Sewell,,,,
9980000865,1,Emelda Akers,,,,
9980000868,1,Gabriella Rodriques,,,,
9980000869,1,H Barton,,,,
9980000871,1,Lan Chung,,,,
9980000872,1,Linda Lette,,,,
9980000873,1,Laurent Moulet,,,,
9980000875,1,Meredith Lew,,,,
9980000877,1,Nancy Jackson,,,,
9980000878,1,Nettie Smathers,,,,
9980000879,1,Roberto Benavides,,,,
9980000880,1,Ryan Harris,,,,
9980000881,1,CASHMGR LOC,,,,
9980000882,1,Treasury Loc,,,,
9980000884,1,Junfeng Ao,,,,
9980000940,1,Carla Grante,,,,
9980000941,1,Eli Stone,,,,
9980000942,1,Janet Wise,,,,
9980000943,1,Mark Hoffe,,,,
9980000944,1,Tom Smith,,,,
9980001147,1,Chris Rogers,,,,
9980001225,1,CONSOLIDATION 1,,,,
9980001251,1,Henry Miller,,,,
9980001253,1,Avery Powell,,,,
9980001668,1,Chris DSX,,,,
9980001671,1,Erica Huffington,,,,
9980001672,1,Uladzislau Shmerko,,,,
9980001702,1,EHS Admin,,,,
9980001710,1,Avery Powell,,,,
9980001711,1,Janet Miller,,,,
9980001720,1,EHS Manager,,,,
9980001722,1,S4C Automation,,,,
9980001732,1,Contract Accounting FICA,,,,
9980001743,1,Hayley Shipton,,,,
9980001744,1,Javier Esposito,,,,
9980001745,1,Katherine Beckett,,,,
9980001746,1,Kevin Ryan,,,,
9980001747,1,Richard Castle,,,,
9980001750,1,Rick Smolla,,,,
9980001751,1,William Zamchelli,,,,
9980001752,1,Kay Holliston,,,,
9980001753,1,Aanya Singh,,,,
9980001754,1,Lisa Felix,,,,
9980001755,1,Joanne Pawlucky,,,,
9980001756,1,Yvette Williams,,,,
9980001757,1,Mark Taylor,,,,
9980001758,1,Amanda Winters,,,,
9980001759,1,Jack Kincaid,,,,